,380(nm),381(nm),382(nm),383(nm),384(nm),385(nm),386(nm),387(nm),388(nm),389(nm),390(nm),391(nm),392(nm),393(nm),394(nm),395(nm),396(nm),397(nm),398(nm),399(nm),400(nm),401(nm),402(nm),403(nm),404(nm),405(nm),406(nm),407(nm),408(nm),409(nm),410(nm),411(nm),412(nm),413(nm),414(nm),415(nm),416(nm),417(nm),418(nm),419(nm),420(nm),421(nm),422(nm),423(nm),424(nm),425(nm),426(nm),427(nm),428(nm),429(nm),430(nm),431(nm),432(nm),433(nm),434(nm),435(nm),436(nm),437(nm),438(nm),439(nm),440(nm),441(nm),442(nm),443(nm),444(nm),445(nm),446(nm),447(nm),448(nm),449(nm),450(nm),451(nm),452(nm),453(nm),454(nm),455(nm),456(nm),457(nm),458(nm),459(nm),460(nm),461(nm),462(nm),463(nm),464(nm),465(nm),466(nm),467(nm),468(nm),469(nm),470(nm),471(nm),472(nm),473(nm),474(nm),475(nm),476(nm),477(nm),478(nm),479(nm),480(nm),481(nm),482(nm),483(nm),484(nm),485(nm),486(nm),487(nm),488(nm),489(nm),490(nm),491(nm),492(nm),493(nm),494(nm),495(nm),496(nm),497(nm),498(nm),499(nm),500(nm),501(nm),502(nm),503(nm),504(nm),505(nm),506(nm),507(nm),508(nm),509(nm),510(nm),511(nm),512(nm),513(nm),514(nm),515(nm),516(nm),517(nm),518(nm),519(nm),520(nm),521(nm),522(nm),523(nm),524(nm),525(nm),526(nm),527(nm),528(nm),529(nm),530(nm),531(nm),532(nm),533(nm),534(nm),535(nm),536(nm),537(nm),538(nm),539(nm),540(nm),541(nm),542(nm),543(nm),544(nm),545(nm),546(nm),547(nm),548(nm),549(nm),550(nm),551(nm),552(nm),553(nm),554(nm),555(nm),556(nm),557(nm),558(nm),559(nm),560(nm),561(nm),562(nm),563(nm),564(nm),565(nm),566(nm),567(nm),568(nm),569(nm),570(nm),571(nm),572(nm),573(nm),574(nm),575(nm),576(nm),577(nm),578(nm),579(nm),580(nm),581(nm),582(nm),583(nm),584(nm),585(nm),586(nm),587(nm),588(nm),589(nm),590(nm),591(nm),592(nm),593(nm),594(nm),595(nm),596(nm),597(nm),598(nm),599(nm),600(nm),601(nm),602(nm),603(nm),604(nm),605(nm),606(nm),607(nm),608(nm),609(nm),610(nm),611(nm),612(nm),613(nm),614(nm),615(nm),616(nm),617(nm),618(nm),619(nm),620(nm),621(nm),622(nm),623(nm),624(nm),625(nm),626(nm),627(nm),628(nm),629(nm),630(nm),631(nm),632(nm),633(nm),634(nm),635(nm),636(nm),637(nm),638(nm),639(nm),640(nm),641(nm),642(nm),643(nm),644(nm),645(nm),646(nm),647(nm),648(nm),649(nm),650(nm),651(nm),652(nm),653(nm),654(nm),655(nm),656(nm),657(nm),658(nm),659(nm),660(nm),661(nm),662(nm),663(nm),664(nm),665(nm),666(nm),667(nm),668(nm),669(nm),670(nm),671(nm),672(nm),673(nm),674(nm),675(nm),676(nm),677(nm),678(nm),679(nm),680(nm),681(nm),682(nm),683(nm),684(nm),685(nm),686(nm),687(nm),688(nm),689(nm),690(nm),691(nm),692(nm),693(nm),694(nm),695(nm),696(nm),697(nm),698(nm),699(nm),700(nm),701(nm),702(nm),703(nm),704(nm),705(nm),706(nm),707(nm),708(nm),709(nm),710(nm),711(nm),712(nm),713(nm),714(nm),715(nm),716(nm),717(nm),718(nm),719(nm),720(nm),721(nm),722(nm),723(nm),724(nm),725(nm),726(nm),727(nm),728(nm),729(nm),730(nm),731(nm),732(nm),733(nm),734(nm),735(nm),736(nm),737(nm),738(nm),739(nm),740(nm),741(nm),742(nm),743(nm),744(nm),745(nm),746(nm),747(nm),748(nm),749(nm),750(nm),751(nm),752(nm),753(nm),754(nm),755(nm),756(nm),757(nm),758(nm),759(nm),760(nm),761(nm),762(nm),763(nm),764(nm),765(nm),766(nm),767(nm),768(nm),769(nm),770(nm),771(nm),772(nm),773(nm),774(nm),775(nm),776(nm),777(nm),778(nm),779(nm),780(nm)
Standard,,,,,,,,,,,,,,,,,,,,,,,,,,,,,,,,,,,,,,,,,,,,,,,,,,,,,,,,,,,,,,,,,,,,,,,,,,,,,,,,,,,,,,,,,,,,,,,,,,,,,,,,,,,,,,,,,,,,,,,,,,,,,,,,,,,,,,,,,,,,,,,,,,,,,,,,,,,,,,,,,,,,,,,,,,,,,,,,,,,,,,,,,,,,,,,,,,,,,,,,,,,,,,,,,,,,,,,,,,,,,,,,,,,,,,,,,,,,,,,,,,,,,,,,,,,,,,,,,,,,,,,,,,,,,,,,,,,,,,,,,,,,,,,,,,,,,,,,,,,,,,,,,,,,,,,,,,,,,,,,,,,,,,,,,,,,,,,,,,,,,,,,,,,,,,,,,,,,,,,,,,,,,,,,,,,,,,,,,,,,,,,,,,,,,,,,,,,,,,,,,
White Board,,,,,,,,,,,,,,,,,,,,,,,,,,,,,,,,,,,,,,,,,,,,,,,,,,,,,,,,,,,,,,,,,,,,,,,,,,,,,,,,,,,,,,,,,,,,,,,,,,,,,,,,,,,,,,,,,,,,,,,,,,,,,,,,,,,,,,,,,,,,,,,,,,,,,,,,,,,,,,,,,,,,,,,,,,,,,,,,,,,,,,,,,,,,,,,,,,,,,,,,,,,,,,,,,,,,,,,,,,,,,,,,,,,,,,,,,,,,,,,,,,,,,,,,,,,,,,,,,,,,,,,,,,,,,,,,,,,,,,,,,,,,,,,,,,,,,,,,,,,,,,,,,,,,,,,,,,,,,,,,,,,,,,,,,,,,,,,,,,,,,,,,,,,,,,,,,,,,,,,,,,,,,,,,,,,,,,,,,,,,,,,,,,,,,,,,,,,,,,,,,
Base of Ratio,,,,,,,,,,,,,,,,,,,,,,,,,,,,,,,,,,,,,,,,,,,,,,,,,,,,,,,,,,,,,,,,,,,,,,,,,,,,,,,,,,,,,,,,,,,,,,,,,,,,,,,,,,,,,,,,,,,,,,,,,,,,,,,,,,,,,,,,,,,,,,,,,,,,,,,,,,,,,,,,,,,,,,,,,,,,,,,,,,,,,,,,,,,,,,,,,,,,,,,,,,,,,,,,,,,,,,,,,,,,,,,,,,,,,,,,,,,,,,,,,,,,,,,,,,,,,,,,,,,,,,,,,,,,,,,,,,,,,,,,,,,,,,,,,,,,,,,,,,,,,,,,,,,,,,,,,,,,,,,,,,,,,,,,,,,,,,,,,,,,,,,,,,,,,,,,,,,,,,,,,,,,,,,,,,,,,,,,,,,,,,,,,,,,,,,,,,,,,,,,,
1,1.57E-02,1.23E-02,8.59E-03,5.60E-03,3.33E-03,1.91E-03,1.21E-03,8.82E-04,7.09E-04,6.14E-04,5.61E-04,5.31E-04,5.09E-04,4.99E-04,4.87E-04,4.78E-04,4.72E-04,4.63E-04,4.61E-04,4.53E-04,4.52E-04,4.52E-04,4.50E-04,4.55E-04,4.58E-04,4.59E-04,4.58E-04,4.56E-04,4.50E-04,4.44E-04,4.38E-04,4.31E-04,4.25E-04,4.22E-04,4.20E-04,4.22E-04,4.24E-04,4.19E-04,4.11E-04,4.00E-04,3.89E-04,3.72E-04,3.56E-04,3.39E-04,3.27E-04,3.13E-04,3.04E-04,2.97E-04,2.92E-04,2.91E-04,2.90E-04,2.91E-04,2.92E-04,2.95E-04,2.96E-04,2.99E-04,2.95E-04,2.89E-04,2.83E-04,2.79E-04,2.75E-04,2.72E-04,2.72E-04,2.73E-04,2.75E-04,2.83E-04,2.94E-04,3.08E-04,3.17E-04,3.26E-04,3.32E-04,3.32E-04,3.33E-04,3.40E-04,3.47E-04,3.57E-04,3.65E-04,3.75E-04,3.85E-04,3.96E-04,4.05E-04,4.13E-04,4.20E-04,4.33E-04,4.53E-04,4.71E-04,4.79E-04,4.82E-04,4.78E-04,4.72E-04,4.73E-04,4.60E-04,4.45E-04,4.36E-04,4.23E-04,4.07E-04,4.00E-04,4.05E-04,4.12E-04,4.17E-04,4.19E-04,4.12E-04,4.00E-04,3.87E-04,3.72E-04,3.61E-04,3.52E-04,3.48E-04,3.49E-04,3.54E-04,3.53E-04,3.52E-04,3.50E-04,3.44E-04,3.36E-04,3.33E-04,3.32E-04,3.35E-04,3.37E-04,3.41E-04,3.46E-04,3.50E-04,3.54E-04,3.57E-04,3.62E-04,3.65E-04,3.68E-04,3.72E-04,3.77E-04,3.82E-04,3.87E-04,3.94E-04,3.98E-04,4.02E-04,4.08E-04,4.13E-04,4.21E-04,4.28E-04,4.35E-04,4.45E-04,4.54E-04,4.67E-04,4.79E-04,4.89E-04,5.02E-04,5.14E-04,5.24E-04,5.35E-04,5.43E-04,5.48E-04,5.54E-04,5.55E-04,5.55E-04,5.58E-04,5.61E-04,5.63E-04,5.67E-04,5.72E-04,5.77E-04,5.83E-04,5.89E-04,5.97E-04,6.03E-04,6.05E-04,6.08E-04,6.11E-04,6.12E-04,6.11E-04,6.13E-04,6.16E-04,6.21E-04,6.22E-04,6.23E-04,6.25E-04,6.27E-04,6.25E-04,6.22E-04,6.21E-04,6.19E-04,6.14E-04,6.09E-04,6.06E-04,6.01E-04,5.99E-04,5.97E-04,5.96E-04,5.95E-04,5.95E-04,5.92E-04,5.88E-04,5.84E-04,5.79E-04,5.74E-04,5.66E-04,5.62E-04,5.58E-04,5.52E-04,5.48E-04,5.47E-04,5.47E-04,5.46E-04,5.49E-04,5.52E-04,5.59E-04,5.59E-04,5.63E-04,5.65E-04,5.69E-04,5.70E-04,5.71E-04,5.71E-04,5.72E-04,5.72E-04,5.72E-04,5.73E-04,5.71E-04,5.71E-04,5.70E-04,5.68E-04,5.63E-04,5.58E-04,5.50E-04,5.40E-04,5.33E-04,5.25E-04,5.19E-04,5.16E-04,5.13E-04,5.14E-04,5.19E-04,5.24E-04,5.33E-04,5.37E-04,5.39E-04,5.42E-04,5.48E-04,5.54E-04,5.58E-04,5.64E-04,5.70E-04,5.76E-04,5.80E-04,5.86E-04,5.91E-04,5.92E-04,5.97E-04,6.01E-04,6.05E-04,6.09E-04,6.09E-04,6.09E-04,6.07E-04,6.02E-04,5.98E-04,5.93E-04,5.87E-04,5.81E-04,5.73E-04,5.67E-04,5.61E-04,5.55E-04,5.51E-04,5.49E-04,5.46E-04,5.46E-04,5.46E-04,5.44E-04,5.44E-04,5.43E-04,5.41E-04,5.38E-04,5.33E-04,5.31E-04,5.33E-04,5.34E-04,5.38E-04,5.44E-04,5.49E-04,5.57E-04,5.66E-04,5.76E-04,5.85E-04,5.92E-04,6.01E-04,6.09E-04,6.16E-04,6.23E-04,6.32E-04,6.38E-04,6.47E-04,6.55E-04,6.67E-04,6.76E-04,6.88E-04,6.99E-04,7.08E-04,7.20E-04,7.33E-04,7.47E-04,7.69E-04,7.86E-04,8.02E-04,8.13E-04,8.15E-04,8.13E-04,8.08E-04,7.99E-04,7.98E-04,7.94E-04,7.88E-04,7.80E-04,7.73E-04,7.70E-04,7.65E-04,7.63E-04,7.63E-04,7.64E-04,7.68E-04,7.71E-04,7.71E-04,7.68E-04,7.68E-04,7.59E-04,7.51E-04,7.49E-04,7.35E-04,7.24E-04,7.12E-04,7.06E-04,7.00E-04,6.90E-04,6.77E-04,6.56E-04,6.31E-04,6.02E-04,5.71E-04,5.38E-04,5.07E-04,4.81E-04,4.53E-04,4.31E-04,4.11E-04,3.93E-04,3.80E-04,3.70E-04,3.62E-04,3.55E-04,3.50E-04,3.47E-04,3.46E-04,3.48E-04,3.43E-04,3.37E-04,3.28E-04,3.18E-04,3.08E-04,2.99E-04,2.94E-04,2.93E-04,2.94E-04,2.94E-04,2.93E-04,2.92E-04,2.91E-04,2.94E-04,2.97E-04,2.97E-04,3.00E-04,3.01E-04,3.01E-04,3.03E-04,3.01E-04,2.95E-04,2.86E-04,2.79E-04,2.72E-04,2.65E-04,2.59E-04,2.56E-04,2.58E-04,2.74E-04,2.95E-04,2.99E-04,2.87E-04,2.70E-04,2.42E-04,2.09E-04,1.82E-04,1.64E-04,1.49E-04,1.39E-04,1.32E-04,1.24E-04,1.17E-04,1.10E-04,9.94E-05,9.15E-05,8.20E-05,7.06E-05,6.09E-05,5.05E-05
2,2.21E-02,1.83E-02,1.36E-02,9.37E-03,5.86E-03,3.38E-03,1.97E-03,1.27E-03,9.40E-04,7.68E-04,6.71E-04,6.18E-04,5.82E-04,5.60E-04,5.43E-04,5.30E-04,5.17E-04,5.04E-04,4.97E-04,4.87E-04,4.81E-04,4.77E-04,4.76E-04,4.82E-04,4.85E-04,4.81E-04,4.78E-04,4.74E-04,4.68E-04,4.60E-04,4.55E-04,4.49E-04,4.44E-04,4.38E-04,4.35E-04,4.35E-04,4.39E-04,4.33E-04,4.27E-04,4.17E-04,4.02E-04,3.86E-04,3.68E-04,3.52E-04,3.36E-04,3.23E-04,3.13E-04,3.06E-04,3.02E-04,2.99E-04,2.98E-04,2.98E-04,2.99E-04,3.02E-04,3.02E-04,3.03E-04,3.01E-04,2.95E-04,2.90E-04,2.84E-04,2.79E-04,2.78E-04,2.78E-04,2.78E-04,2.79E-04,2.87E-04,2.99E-04,3.14E-04,3.23E-04,3.31E-04,3.35E-04,3.36E-04,3.38E-04,3.44E-04,3.51E-04,3.60E-04,3.68E-04,3.76E-04,3.87E-04,3.98E-04,4.07E-04,4.15E-04,4.22E-04,4.36E-04,4.56E-04,4.73E-04,4.81E-04,4.83E-04,4.80E-04,4.74E-04,4.74E-04,4.63E-04,4.49E-04,4.40E-04,4.26E-04,4.08E-04,4.03E-04,4.07E-04,4.12E-04,4.18E-04,4.18E-04,4.14E-04,4.04E-04,3.89E-04,3.74E-04,3.61E-04,3.52E-04,3.47E-04,3.48E-04,3.54E-04,3.53E-04,3.53E-04,3.50E-04,3.42E-04,3.38E-04,3.33E-04,3.33E-04,3.33E-04,3.36E-04,3.41E-04,3.46E-04,3.51E-04,3.54E-04,3.56E-04,3.61E-04,3.65E-04,3.68E-04,3.72E-04,3.77E-04,3.82E-04,3.89E-04,3.93E-04,3.99E-04,4.03E-04,4.09E-04,4.14E-04,4.20E-04,4.27E-04,4.34E-04,4.46E-04,4.55E-04,4.66E-04,4.77E-04,4.88E-04,4.99E-04,5.11E-04,5.21E-04,5.32E-04,5.41E-04,5.47E-04,5.51E-04,5.56E-04,5.56E-04,5.57E-04,5.59E-04,5.62E-04,5.64E-04,5.69E-04,5.76E-04,5.81E-04,5.89E-04,5.94E-04,5.98E-04,6.02E-04,6.05E-04,6.06E-04,6.06E-04,6.10E-04,6.14E-04,6.13E-04,6.17E-04,6.20E-04,6.22E-04,6.25E-04,6.25E-04,6.23E-04,6.24E-04,6.19E-04,6.17E-04,6.14E-04,6.09E-04,6.04E-04,6.02E-04,5.99E-04,5.97E-04,5.94E-04,5.94E-04,5.94E-04,5.91E-04,5.88E-04,5.85E-04,5.79E-04,5.71E-04,5.66E-04,5.61E-04,5.55E-04,5.51E-04,5.46E-04,5.45E-04,5.46E-04,5.47E-04,5.48E-04,5.52E-04,5.56E-04,5.57E-04,5.63E-04,5.64E-04,5.66E-04,5.69E-04,5.70E-04,5.70E-04,5.70E-04,5.71E-04,5.72E-04,5.71E-04,5.72E-04,5.69E-04,5.70E-04,5.65E-04,5.60E-04,5.56E-04,5.47E-04,5.39E-04,5.31E-04,5.23E-04,5.19E-04,5.15E-04,5.10E-04,5.11E-04,5.14E-04,5.23E-04,5.32E-04,5.36E-04,5.37E-04,5.41E-04,5.43E-04,5.53E-04,5.59E-04,5.64E-04,5.70E-04,5.77E-04,5.80E-04,5.86E-04,5.86E-04,5.93E-04,5.96E-04,6.00E-04,6.01E-04,6.04E-04,6.09E-04,6.10E-04,6.08E-04,6.05E-04,5.99E-04,5.93E-04,5.85E-04,5.77E-04,5.73E-04,5.66E-04,5.60E-04,5.54E-04,5.51E-04,5.49E-04,5.48E-04,5.46E-04,5.45E-04,5.45E-04,5.46E-04,5.42E-04,5.38E-04,5.34E-04,5.32E-04,5.31E-04,5.31E-04,5.33E-04,5.36E-04,5.42E-04,5.50E-04,5.56E-04,5.64E-04,5.74E-04,5.82E-04,5.93E-04,6.01E-04,6.08E-04,6.16E-04,6.24E-04,6.29E-04,6.37E-04,6.47E-04,6.55E-04,6.65E-04,6.74E-04,6.87E-04,6.98E-04,7.08E-04,7.19E-04,7.32E-04,7.45E-04,7.66E-04,7.87E-04,8.03E-04,8.10E-04,8.12E-04,8.13E-04,8.05E-04,8.00E-04,7.97E-04,7.89E-04,7.85E-04,7.79E-04,7.74E-04,7.70E-04,7.65E-04,7.65E-04,7.65E-04,7.66E-04,7.66E-04,7.70E-04,7.69E-04,7.67E-04,7.64E-04,7.61E-04,7.53E-04,7.44E-04,7.33E-04,7.22E-04,7.09E-04,7.01E-04,6.96E-04,6.88E-04,6.77E-04,6.55E-04,6.27E-04,5.98E-04,5.69E-04,5.38E-04,5.08E-04,4.78E-04,4.53E-04,4.29E-04,4.10E-04,3.93E-04,3.79E-04,3.71E-04,3.63E-04,3.55E-04,3.48E-04,3.45E-04,3.44E-04,3.47E-04,3.43E-04,3.38E-04,3.29E-04,3.18E-04,3.05E-04,2.98E-04,2.94E-04,2.93E-04,2.92E-04,2.90E-04,2.90E-04,2.90E-04,2.93E-04,2.94E-04,2.95E-04,2.95E-04,3.00E-04,3.00E-04,3.01E-04,3.01E-04,2.96E-04,2.92E-04,2.86E-04,2.78E-04,2.71E-04,2.66E-04,2.57E-04,2.54E-04,2.57E-04,2.73E-04,2.93E-04,2.97E-04,2.88E-04,2.71E-04,2.41E-04,2.10E-04,1.81E-04,1.67E-04,1.52E-04,1.42E-04,1.33E-04,1.24E-04,1.17E-04,1.09E-04,1.01E-04,9.27E-05,8.26E-05,7.17E-05,6.18E-05,5.00E-05
3,3.55E-02,3.13E-02,2.47E-02,1.77E-02,1.16E-02,6.94E-03,3.84E-03,2.15E-03,1.35E-03,9.88E-04,8.19E-04,7.33E-04,6.82E-04,6.48E-04,6.30E-04,6.02E-04,5.83E-04,5.64E-04,5.52E-04,5.39E-04,5.29E-04,5.25E-04,5.24E-04,5.19E-04,5.16E-04,5.13E-04,5.07E-04,5.02E-04,4.95E-04,4.83E-04,4.76E-04,4.66E-04,4.62E-04,4.58E-04,4.57E-04,4.56E-04,4.60E-04,4.54E-04,4.46E-04,4.36E-04,4.21E-04,4.01E-04,3.82E-04,3.66E-04,3.51E-04,3.38E-04,3.27E-04,3.19E-04,3.15E-04,3.15E-04,3.14E-04,3.13E-04,3.13E-04,3.14E-04,3.13E-04,3.15E-04,3.10E-04,3.04E-04,2.97E-04,2.90E-04,2.88E-04,2.85E-04,2.85E-04,2.86E-04,2.87E-04,2.95E-04,3.10E-04,3.21E-04,3.29E-04,3.38E-04,3.42E-04,3.42E-04,3.46E-04,3.48E-04,3.56E-04,3.66E-04,3.74E-04,3.82E-04,3.92E-04,4.04E-04,4.14E-04,4.17E-04,4.27E-04,4.42E-04,4.64E-04,4.77E-04,4.84E-04,4.84E-04,4.82E-04,4.77E-04,4.76E-04,4.61E-04,4.49E-04,4.39E-04,4.23E-04,4.10E-04,4.06E-04,4.10E-04,4.16E-04,4.22E-04,4.19E-04,4.14E-04,4.01E-04,3.89E-04,3.74E-04,3.61E-04,3.52E-04,3.48E-04,3.51E-04,3.55E-04,3.55E-04,3.52E-04,3.48E-04,3.44E-04,3.36E-04,3.34E-04,3.32E-04,3.34E-04,3.39E-04,3.42E-04,3.45E-04,3.51E-04,3.56E-04,3.59E-04,3.62E-04,3.65E-04,3.69E-04,3.75E-04,3.77E-04,3.84E-04,3.91E-04,3.96E-04,3.99E-04,4.05E-04,4.09E-04,4.16E-04,4.23E-04,4.28E-04,4.40E-04,4.46E-04,4.58E-04,4.69E-04,4.80E-04,4.94E-04,5.02E-04,5.15E-04,5.27E-04,5.35E-04,5.42E-04,5.50E-04,5.55E-04,5.54E-04,5.58E-04,5.57E-04,5.60E-04,5.62E-04,5.65E-04,5.68E-04,5.79E-04,5.83E-04,5.89E-04,5.94E-04,6.00E-04,6.04E-04,6.05E-04,6.07E-04,6.05E-04,6.08E-04,6.12E-04,6.16E-04,6.18E-04,6.20E-04,6.24E-04,6.25E-04,6.26E-04,6.23E-04,6.23E-04,6.19E-04,6.17E-04,6.13E-04,6.08E-04,6.02E-04,6.01E-04,5.99E-04,5.97E-04,5.97E-04,5.98E-04,5.94E-04,5.91E-04,5.88E-04,5.82E-04,5.77E-04,5.73E-04,5.65E-04,5.59E-04,5.52E-04,5.49E-04,5.48E-04,5.46E-04,5.48E-04,5.45E-04,5.48E-04,5.51E-04,5.56E-04,5.58E-04,5.62E-04,5.64E-04,5.66E-04,5.69E-04,5.71E-04,5.70E-04,5.70E-04,5.70E-04,5.72E-04,5.72E-04,5.70E-04,5.68E-04,5.68E-04,5.66E-04,5.60E-04,5.53E-04,5.47E-04,5.38E-04,5.32E-04,5.26E-04,5.21E-04,5.12E-04,5.10E-04,5.13E-04,5.17E-04,5.24E-04,5.32E-04,5.36E-04,5.36E-04,5.42E-04,5.47E-04,5.53E-04,5.58E-04,5.65E-04,5.72E-04,5.80E-04,5.84E-04,5.86E-04,5.90E-04,5.94E-04,5.99E-04,6.04E-04,6.03E-04,6.08E-04,6.07E-04,6.12E-04,6.09E-04,6.05E-04,5.99E-04,5.94E-04,5.86E-04,5.81E-04,5.73E-04,5.68E-04,5.60E-04,5.55E-04,5.48E-04,5.47E-04,5.47E-04,5.46E-04,5.45E-04,5.45E-04,5.44E-04,5.45E-04,5.42E-04,5.38E-04,5.32E-04,5.34E-04,5.32E-04,5.33E-04,5.39E-04,5.45E-04,5.52E-04,5.56E-04,5.70E-04,5.75E-04,5.88E-04,5.95E-04,6.01E-04,6.09E-04,6.16E-04,6.23E-04,6.31E-04,6.42E-04,6.49E-04,6.57E-04,6.67E-04,6.77E-04,6.87E-04,7.00E-04,7.14E-04,7.23E-04,7.41E-04,7.51E-04,7.67E-04,7.92E-04,8.07E-04,8.12E-04,8.16E-04,8.12E-04,8.02E-04,8.01E-04,7.91E-04,7.95E-04,7.89E-04,7.79E-04,7.75E-04,7.66E-04,7.68E-04,7.67E-04,7.67E-04,7.71E-04,7.70E-04,7.71E-04,7.72E-04,7.69E-04,7.65E-04,7.62E-04,7.53E-04,7.43E-04,7.34E-04,7.20E-04,7.11E-04,7.00E-04,6.94E-04,6.87E-04,6.74E-04,6.52E-04,6.23E-04,5.95E-04,5.63E-04,5.29E-04,5.01E-04,4.74E-04,4.53E-04,4.29E-04,4.09E-04,3.91E-04,3.75E-04,3.66E-04,3.60E-04,3.54E-04,3.47E-04,3.45E-04,3.47E-04,3.46E-04,3.42E-04,3.35E-04,3.22E-04,3.13E-04,3.06E-04,2.99E-04,2.94E-04,2.93E-04,2.94E-04,2.96E-04,2.95E-04,2.95E-04,2.93E-04,2.93E-04,2.95E-04,2.99E-04,3.01E-04,3.01E-04,3.01E-04,3.03E-04,2.98E-04,2.89E-04,2.84E-04,2.80E-04,2.67E-04,2.65E-04,2.55E-04,2.52E-04,2.60E-04,2.80E-04,2.97E-04,2.97E-04,2.86E-04,2.68E-04,2.37E-04,2.01E-04,1.77E-04,1.61E-04,1.47E-04,1.43E-04,1.30E-04,1.23E-04,1.16E-04,1.07E-04,1.02E-04,9.05E-05,8.13E-05,7.08E-05,5.90E-05,5.10E-05
4,4.70E-02,4.52E-02,3.92E-02,3.12E-02,2.26E-02,1.49E-02,9.01E-03,5.03E-03,2.76E-03,1.65E-03,1.18E-03,9.61E-04,8.47E-04,7.79E-04,7.37E-04,7.00E-04,6.65E-04,6.35E-04,6.16E-04,5.97E-04,5.83E-04,5.75E-04,5.71E-04,5.61E-04,5.56E-04,5.52E-04,5.45E-04,5.35E-04,5.25E-04,5.14E-04,5.03E-04,4.89E-04,4.86E-04,4.83E-04,4.81E-04,4.76E-04,4.83E-04,4.78E-04,4.69E-04,4.54E-04,4.41E-04,4.24E-04,4.04E-04,3.84E-04,3.68E-04,3.54E-04,3.45E-04,3.37E-04,3.30E-04,3.30E-04,3.29E-04,3.27E-04,3.25E-04,3.26E-04,3.25E-04,3.26E-04,3.20E-04,3.11E-04,3.07E-04,3.02E-04,2.96E-04,2.93E-04,2.92E-04,2.92E-04,2.94E-04,3.01E-04,3.15E-04,3.27E-04,3.36E-04,3.42E-04,3.46E-04,3.42E-04,3.49E-04,3.54E-04,3.61E-04,3.71E-04,3.77E-04,3.89E-04,3.97E-04,4.08E-04,4.15E-04,4.21E-04,4.29E-04,4.48E-04,4.65E-04,4.82E-04,4.89E-04,4.90E-04,4.83E-04,4.81E-04,4.80E-04,4.63E-04,4.51E-04,4.43E-04,4.24E-04,4.12E-04,4.09E-04,4.14E-04,4.19E-04,4.21E-04,4.24E-04,4.18E-04,4.05E-04,3.89E-04,3.76E-04,3.64E-04,3.54E-04,3.50E-04,3.51E-04,3.56E-04,3.55E-04,3.52E-04,3.48E-04,3.45E-04,3.40E-04,3.34E-04,3.33E-04,3.35E-04,3.37E-04,3.42E-04,3.46E-04,3.50E-04,3.55E-04,3.60E-04,3.62E-04,3.66E-04,3.71E-04,3.73E-04,3.79E-04,3.86E-04,3.90E-04,3.94E-04,4.00E-04,4.05E-04,4.10E-04,4.13E-04,4.21E-04,4.30E-04,4.39E-04,4.43E-04,4.58E-04,4.69E-04,4.81E-04,4.89E-04,5.02E-04,5.13E-04,5.28E-04,5.39E-04,5.41E-04,5.48E-04,5.52E-04,5.55E-04,5.54E-04,5.57E-04,5.60E-04,5.65E-04,5.66E-04,5.69E-04,5.79E-04,5.80E-04,5.87E-04,5.95E-04,5.99E-04,5.99E-04,6.04E-04,6.05E-04,6.09E-04,6.10E-04,6.12E-04,6.12E-04,6.16E-04,6.19E-04,6.21E-04,6.25E-04,6.27E-04,6.24E-04,6.21E-04,6.20E-04,6.17E-04,6.13E-04,6.08E-04,6.05E-04,5.97E-04,5.96E-04,5.95E-04,5.97E-04,5.94E-04,5.90E-04,5.92E-04,5.90E-04,5.83E-04,5.78E-04,5.73E-04,5.65E-04,5.57E-04,5.51E-04,5.47E-04,5.45E-04,5.45E-04,5.47E-04,5.50E-04,5.51E-04,5.55E-04,5.56E-04,5.56E-04,5.60E-04,5.63E-04,5.66E-04,5.67E-04,5.72E-04,5.70E-04,5.69E-04,5.72E-04,5.72E-04,5.71E-04,5.71E-04,5.71E-04,5.67E-04,5.65E-04,5.59E-04,5.54E-04,5.47E-04,5.37E-04,5.32E-04,5.17E-04,5.15E-04,5.09E-04,5.09E-04,5.11E-04,5.16E-04,5.23E-04,5.34E-04,5.35E-04,5.37E-04,5.40E-04,5.46E-04,5.53E-04,5.60E-04,5.66E-04,5.69E-04,5.77E-04,5.82E-04,5.82E-04,5.88E-04,5.90E-04,5.94E-04,5.96E-04,6.04E-04,6.05E-04,6.10E-04,6.07E-04,6.05E-04,6.02E-04,5.98E-04,5.93E-04,5.85E-04,5.77E-04,5.70E-04,5.65E-04,5.62E-04,5.55E-04,5.48E-04,5.47E-04,5.46E-04,5.44E-04,5.45E-04,5.49E-04,5.48E-04,5.41E-04,5.37E-04,5.38E-04,5.29E-04,5.35E-04,5.30E-04,5.35E-04,5.40E-04,5.43E-04,5.49E-04,5.56E-04,5.67E-04,5.76E-04,5.83E-04,5.90E-04,6.01E-04,6.08E-04,6.14E-04,6.24E-04,6.31E-04,6.40E-04,6.49E-04,6.57E-04,6.68E-04,6.79E-04,6.93E-04,7.02E-04,7.12E-04,7.26E-04,7.37E-04,7.53E-04,7.72E-04,7.90E-04,8.04E-04,8.15E-04,8.15E-04,8.10E-04,8.10E-04,8.03E-04,7.93E-04,7.94E-04,7.89E-04,7.78E-04,7.73E-04,7.66E-04,7.68E-04,7.63E-04,7.65E-04,7.63E-04,7.66E-04,7.66E-04,7.65E-04,7.68E-04,7.64E-04,7.58E-04,7.52E-04,7.39E-04,7.34E-04,7.19E-04,7.09E-04,7.01E-04,6.92E-04,6.82E-04,6.72E-04,6.49E-04,6.23E-04,5.95E-04,5.62E-04,5.29E-04,5.00E-04,4.73E-04,4.46E-04,4.27E-04,4.06E-04,3.89E-04,3.77E-04,3.69E-04,3.59E-04,3.53E-04,3.47E-04,3.43E-04,3.49E-04,3.45E-04,3.41E-04,3.31E-04,3.22E-04,3.15E-04,3.04E-04,2.93E-04,2.90E-04,2.93E-04,2.92E-04,2.93E-04,2.90E-04,2.92E-04,2.93E-04,2.93E-04,2.94E-04,2.99E-04,2.98E-04,3.02E-04,3.03E-04,3.02E-04,2.98E-04,2.91E-04,2.84E-04,2.75E-04,2.66E-04,2.57E-04,2.51E-04,2.52E-04,2.65E-04,2.76E-04,2.92E-04,2.93E-04,2.81E-04,2.66E-04,2.37E-04,2.06E-04,1.75E-04,1.62E-04,1.49E-04,1.36E-04,1.32E-04,1.24E-04,1.15E-04,1.07E-04,1.01E-04,9.30E-05,8.01E-05,6.68E-05,5.78E-05,4.99E-05
5,5.75E-02,5.96E-02,5.61E-02,4.92E-02,3.96E-02,2.89E-02,1.91E-02,1.17E-02,6.59E-03,3.53E-03,2.07E-03,1.44E-03,1.14E-03,9.85E-04,9.03E-04,8.40E-04,7.86E-04,7.39E-04,7.13E-04,6.84E-04,6.60E-04,6.46E-04,6.33E-04,6.23E-04,6.16E-04,6.01E-04,5.93E-04,5.82E-04,5.70E-04,5.55E-04,5.43E-04,5.31E-04,5.23E-04,5.16E-04,5.12E-04,5.10E-04,5.10E-04,5.07E-04,5.00E-04,4.88E-04,4.74E-04,4.57E-04,4.36E-04,4.16E-04,3.94E-04,3.81E-04,3.70E-04,3.59E-04,3.52E-04,3.49E-04,3.48E-04,3.46E-04,3.46E-04,3.45E-04,3.45E-04,3.45E-04,3.37E-04,3.28E-04,3.20E-04,3.12E-04,3.08E-04,3.06E-04,3.03E-04,3.06E-04,3.06E-04,3.13E-04,3.25E-04,3.35E-04,3.43E-04,3.53E-04,3.54E-04,3.57E-04,3.54E-04,3.59E-04,3.67E-04,3.77E-04,3.85E-04,3.92E-04,4.03E-04,4.15E-04,4.24E-04,4.27E-04,4.38E-04,4.52E-04,4.71E-04,4.91E-04,4.95E-04,4.96E-04,4.93E-04,4.86E-04,4.83E-04,4.70E-04,4.59E-04,4.48E-04,4.34E-04,4.15E-04,4.12E-04,4.17E-04,4.24E-04,4.25E-04,4.26E-04,4.21E-04,4.09E-04,3.93E-04,3.81E-04,3.68E-04,3.56E-04,3.53E-04,3.53E-04,3.58E-04,3.58E-04,3.56E-04,3.54E-04,3.45E-04,3.36E-04,3.38E-04,3.36E-04,3.38E-04,3.39E-04,3.44E-04,3.49E-04,3.54E-04,3.59E-04,3.62E-04,3.65E-04,3.68E-04,3.73E-04,3.79E-04,3.80E-04,3.84E-04,3.91E-04,3.98E-04,4.02E-04,4.06E-04,4.10E-04,4.17E-04,4.25E-04,4.29E-04,4.41E-04,4.47E-04,4.58E-04,4.68E-04,4.79E-04,4.91E-04,5.06E-04,5.18E-04,5.27E-04,5.36E-04,5.41E-04,5.51E-04,5.54E-04,5.55E-04,5.57E-04,5.59E-04,5.59E-04,5.66E-04,5.67E-04,5.72E-04,5.82E-04,5.84E-04,5.88E-04,5.96E-04,6.01E-04,6.06E-04,6.03E-04,6.07E-04,6.11E-04,6.11E-04,6.18E-04,6.15E-04,6.19E-04,6.20E-04,6.24E-04,6.26E-04,6.26E-04,6.27E-04,6.24E-04,6.22E-04,6.20E-04,6.15E-04,6.07E-04,6.07E-04,6.01E-04,5.99E-04,5.96E-04,5.97E-04,5.97E-04,5.95E-04,5.92E-04,5.89E-04,5.86E-04,5.78E-04,5.73E-04,5.66E-04,5.60E-04,5.57E-04,5.50E-04,5.50E-04,5.48E-04,5.49E-04,5.47E-04,5.50E-04,5.57E-04,5.56E-04,5.59E-04,5.64E-04,5.68E-04,5.70E-04,5.70E-04,5.72E-04,5.70E-04,5.72E-04,5.74E-04,5.74E-04,5.73E-04,5.77E-04,5.70E-04,5.66E-04,5.67E-04,5.63E-04,5.56E-04,5.44E-04,5.41E-04,5.35E-04,5.23E-04,5.19E-04,5.14E-04,5.10E-04,5.11E-04,5.12E-04,5.26E-04,5.34E-04,5.38E-04,5.37E-04,5.42E-04,5.49E-04,5.48E-04,5.59E-04,5.68E-04,5.72E-04,5.77E-04,5.81E-04,5.88E-04,5.88E-04,5.92E-04,6.00E-04,6.02E-04,6.05E-04,6.07E-04,6.09E-04,6.11E-04,6.09E-04,6.04E-04,5.99E-04,5.91E-04,5.86E-04,5.78E-04,5.71E-04,5.62E-04,5.62E-04,5.56E-04,5.51E-04,5.49E-04,5.46E-04,5.43E-04,5.44E-04,5.46E-04,5.43E-04,5.43E-04,5.34E-04,5.35E-04,5.30E-04,5.29E-04,5.34E-04,5.34E-04,5.36E-04,5.46E-04,5.50E-04,5.58E-04,5.71E-04,5.81E-04,5.85E-04,5.94E-04,6.03E-04,6.07E-04,6.17E-04,6.26E-04,6.33E-04,6.43E-04,6.47E-04,6.58E-04,6.69E-04,6.81E-04,6.91E-04,7.06E-04,7.17E-04,7.31E-04,7.38E-04,7.48E-04,7.71E-04,7.92E-04,8.08E-04,8.10E-04,8.13E-04,8.13E-04,8.08E-04,8.09E-04,7.95E-04,7.90E-04,7.85E-04,7.77E-04,7.77E-04,7.74E-04,7.67E-04,7.59E-04,7.65E-04,7.71E-04,7.66E-04,7.70E-04,7.71E-04,7.68E-04,7.71E-04,7.62E-04,7.48E-04,7.49E-04,7.30E-04,7.16E-04,7.04E-04,6.99E-04,6.92E-04,6.89E-04,6.77E-04,6.51E-04,6.25E-04,5.94E-04,5.67E-04,5.31E-04,5.02E-04,4.71E-04,4.44E-04,4.28E-04,4.13E-04,3.92E-04,3.75E-04,3.65E-04,3.57E-04,3.52E-04,3.47E-04,3.48E-04,3.43E-04,3.42E-04,3.38E-04,3.37E-04,3.28E-04,3.15E-04,3.02E-04,2.95E-04,2.90E-04,2.88E-04,2.90E-04,2.94E-04,2.93E-04,2.89E-04,2.90E-04,2.94E-04,2.96E-04,2.97E-04,3.01E-04,3.02E-04,2.99E-04,2.99E-04,2.98E-04,2.93E-04,2.83E-04,2.75E-04,2.69E-04,2.62E-04,2.63E-04,2.52E-04,2.59E-04,2.80E-04,2.97E-04,2.92E-04,2.79E-04,2.69E-04,2.41E-04,2.03E-04,1.82E-04,1.57E-04,1.49E-04,1.39E-04,1.24E-04,1.29E-04,1.14E-04,1.09E-04,1.03E-04,9.03E-05,7.89E-05,6.91E-05,5.80E-05,4.93E-05
6,6.46E-02,7.11E-02,7.22E-02,6.84E-02,6.05E-02,4.90E-02,3.58E-02,2.40E-02,1.49E-02,8.45E-03,4.53E-03,2.61E-03,1.74E-03,1.35E-03,1.14E-03,1.02E-03,9.43E-04,8.80E-04,8.35E-04,7.91E-04,7.63E-04,7.35E-04,7.16E-04,6.97E-04,6.84E-04,6.72E-04,6.52E-04,6.37E-04,6.25E-04,6.11E-04,5.90E-04,5.72E-04,5.62E-04,5.56E-04,5.51E-04,5.45E-04,5.53E-04,5.47E-04,5.37E-04,5.27E-04,5.05E-04,4.89E-04,4.67E-04,4.47E-04,4.31E-04,4.11E-04,3.99E-04,3.89E-04,3.82E-04,3.75E-04,3.75E-04,3.71E-04,3.72E-04,3.73E-04,3.70E-04,3.64E-04,3.59E-04,3.46E-04,3.40E-04,3.31E-04,3.20E-04,3.18E-04,3.16E-04,3.15E-04,3.16E-04,3.23E-04,3.36E-04,3.50E-04,3.55E-04,3.61E-04,3.64E-04,3.63E-04,3.61E-04,3.69E-04,3.77E-04,3.84E-04,3.93E-04,4.00E-04,4.11E-04,4.22E-04,4.31E-04,4.33E-04,4.44E-04,4.59E-04,4.78E-04,4.94E-04,4.99E-04,5.00E-04,4.97E-04,4.92E-04,4.87E-04,4.75E-04,4.60E-04,4.50E-04,4.35E-04,4.18E-04,4.16E-04,4.20E-04,4.25E-04,4.29E-04,4.31E-04,4.25E-04,4.13E-04,3.96E-04,3.91E-04,3.72E-04,3.61E-04,3.57E-04,3.57E-04,3.58E-04,3.60E-04,3.55E-04,3.53E-04,3.50E-04,3.44E-04,3.35E-04,3.36E-04,3.37E-04,3.42E-04,3.46E-04,3.51E-04,3.58E-04,3.61E-04,3.63E-04,3.68E-04,3.70E-04,3.72E-04,3.76E-04,3.82E-04,3.84E-04,3.91E-04,3.98E-04,4.05E-04,4.10E-04,4.08E-04,4.17E-04,4.23E-04,4.31E-04,4.38E-04,4.48E-04,4.60E-04,4.70E-04,4.79E-04,4.94E-04,5.06E-04,5.19E-04,5.29E-04,5.38E-04,5.48E-04,5.49E-04,5.54E-04,5.55E-04,5.60E-04,5.61E-04,5.63E-04,5.65E-04,5.69E-04,5.73E-04,5.79E-04,5.86E-04,5.88E-04,5.94E-04,5.99E-04,6.05E-04,6.08E-04,6.09E-04,6.12E-04,6.10E-04,6.12E-04,6.18E-04,6.18E-04,6.19E-04,6.23E-04,6.22E-04,6.29E-04,6.21E-04,6.26E-04,6.23E-04,6.17E-04,6.16E-04,6.09E-04,6.06E-04,6.05E-04,6.00E-04,5.95E-04,5.96E-04,5.92E-04,5.95E-04,5.93E-04,5.89E-04,5.85E-04,5.74E-04,5.78E-04,5.71E-04,5.62E-04,5.57E-04,5.53E-04,5.50E-04,5.48E-04,5.45E-04,5.48E-04,5.51E-04,5.59E-04,5.56E-04,5.61E-04,5.63E-04,5.67E-04,5.72E-04,5.71E-04,5.74E-04,5.73E-04,5.71E-04,5.72E-04,5.73E-04,5.76E-04,5.71E-04,5.75E-04,5.66E-04,5.63E-04,5.63E-04,5.56E-04,5.46E-04,5.38E-04,5.32E-04,5.25E-04,5.17E-04,5.12E-04,5.12E-04,5.13E-04,5.15E-04,5.26E-04,5.34E-04,5.36E-04,5.35E-04,5.40E-04,5.43E-04,5.52E-04,5.62E-04,5.68E-04,5.72E-04,5.79E-04,5.79E-04,5.90E-04,5.87E-04,5.92E-04,5.94E-04,5.96E-04,6.04E-04,6.03E-04,6.13E-04,6.12E-04,6.07E-04,6.07E-04,5.96E-04,5.90E-04,5.82E-04,5.85E-04,5.72E-04,5.66E-04,5.62E-04,5.52E-04,5.51E-04,5.50E-04,5.48E-04,5.46E-04,5.44E-04,5.49E-04,5.46E-04,5.48E-04,5.38E-04,5.34E-04,5.34E-04,5.29E-04,5.34E-04,5.31E-04,5.36E-04,5.48E-04,5.51E-04,5.65E-04,5.69E-04,5.75E-04,5.85E-04,5.94E-04,6.03E-04,6.08E-04,6.19E-04,6.24E-04,6.32E-04,6.41E-04,6.50E-04,6.56E-04,6.68E-04,6.79E-04,6.87E-04,6.99E-04,7.14E-04,7.25E-04,7.40E-04,7.54E-04,7.71E-04,7.87E-04,7.99E-04,8.07E-04,8.12E-04,8.12E-04,8.06E-04,8.00E-04,7.95E-04,7.93E-04,7.91E-04,7.83E-04,7.73E-04,7.64E-04,7.67E-04,7.60E-04,7.66E-04,7.68E-04,7.69E-04,7.76E-04,7.72E-04,7.68E-04,7.65E-04,7.59E-04,7.49E-04,7.43E-04,7.39E-04,7.17E-04,7.12E-04,7.01E-04,6.92E-04,6.84E-04,6.75E-04,6.50E-04,6.22E-04,5.89E-04,5.59E-04,5.29E-04,5.02E-04,4.73E-04,4.43E-04,4.25E-04,4.04E-04,3.87E-04,3.79E-04,3.71E-04,3.58E-04,3.54E-04,3.45E-04,3.48E-04,3.45E-04,3.46E-04,3.41E-04,3.38E-04,3.24E-04,3.12E-04,3.07E-04,2.98E-04,2.92E-04,2.92E-04,2.96E-04,2.93E-04,2.85E-04,2.98E-04,2.90E-04,2.94E-04,2.89E-04,2.96E-04,2.96E-04,3.02E-04,3.09E-04,3.11E-04,2.98E-04,2.92E-04,2.85E-04,2.80E-04,2.67E-04,2.64E-04,2.62E-04,2.56E-04,2.57E-04,2.76E-04,2.95E-04,2.95E-04,2.86E-04,2.69E-04,2.33E-04,2.01E-04,1.77E-04,1.65E-04,1.51E-04,1.39E-04,1.37E-04,1.24E-04,1.19E-04,1.07E-04,1.03E-04,9.29E-05,8.62E-05,7.45E-05,5.97E-05,5.58E-05
7,6.69E-02,7.63E-02,8.09E-02,8.06E-02,7.51E-02,6.49E-02,5.09E-02,3.65E-02,2.41E-02,1.47E-02,8.13E-03,4.41E-03,2.56E-03,1.77E-03,1.40E-03,1.20E-03,1.08E-03,9.95E-04,9.32E-04,8.86E-04,8.38E-04,8.05E-04,7.79E-04,7.62E-04,7.45E-04,7.24E-04,7.08E-04,6.92E-04,6.72E-04,6.50E-04,6.36E-04,6.18E-04,6.05E-04,5.91E-04,5.86E-04,5.77E-04,5.80E-04,5.75E-04,5.67E-04,5.60E-04,5.37E-04,5.16E-04,4.97E-04,4.76E-04,4.54E-04,4.37E-04,4.22E-04,4.12E-04,4.06E-04,3.96E-04,3.95E-04,3.94E-04,3.95E-04,3.92E-04,3.89E-04,3.85E-04,3.77E-04,3.65E-04,3.52E-04,3.44E-04,3.38E-04,3.31E-04,3.30E-04,3.27E-04,3.29E-04,3.31E-04,3.45E-04,3.55E-04,3.58E-04,3.65E-04,3.68E-04,3.65E-04,3.68E-04,3.74E-04,3.82E-04,3.89E-04,3.96E-04,4.09E-04,4.16E-04,4.28E-04,4.34E-04,4.37E-04,4.49E-04,4.62E-04,4.83E-04,4.97E-04,5.06E-04,5.12E-04,5.08E-04,4.99E-04,4.92E-04,4.81E-04,4.65E-04,4.56E-04,4.39E-04,4.21E-04,4.20E-04,4.24E-04,4.28E-04,4.36E-04,4.34E-04,4.31E-04,4.16E-04,4.03E-04,3.87E-04,3.75E-04,3.67E-04,3.63E-04,3.61E-04,3.62E-04,3.59E-04,3.61E-04,3.58E-04,3.49E-04,3.41E-04,3.39E-04,3.38E-04,3.39E-04,3.41E-04,3.49E-04,3.54E-04,3.58E-04,3.61E-04,3.62E-04,3.64E-04,3.69E-04,3.74E-04,3.79E-04,3.84E-04,3.88E-04,3.93E-04,3.98E-04,4.03E-04,4.10E-04,4.10E-04,4.20E-04,4.23E-04,4.29E-04,4.36E-04,4.51E-04,4.59E-04,4.69E-04,4.79E-04,4.99E-04,5.05E-04,5.20E-04,5.31E-04,5.34E-04,5.48E-04,5.48E-04,5.57E-04,5.60E-04,5.59E-04,5.64E-04,5.63E-04,5.64E-04,5.67E-04,5.72E-04,5.86E-04,5.88E-04,5.95E-04,5.98E-04,6.06E-04,6.10E-04,6.10E-04,6.10E-04,6.09E-04,6.14E-04,6.21E-04,6.19E-04,6.23E-04,6.26E-04,6.28E-04,6.29E-04,6.28E-04,6.24E-04,6.27E-04,6.23E-04,6.18E-04,6.14E-04,6.15E-04,6.07E-04,6.03E-04,5.99E-04,5.96E-04,5.96E-04,5.96E-04,5.92E-04,5.90E-04,5.90E-04,5.83E-04,5.79E-04,5.74E-04,5.70E-04,5.59E-04,5.54E-04,5.53E-04,5.48E-04,5.46E-04,5.52E-04,5.50E-04,5.52E-04,5.53E-04,5.57E-04,5.60E-04,5.63E-04,5.67E-04,5.69E-04,5.71E-04,5.72E-04,5.71E-04,5.65E-04,5.73E-04,5.73E-04,5.72E-04,5.75E-04,5.72E-04,5.68E-04,5.64E-04,5.59E-04,5.54E-04,5.47E-04,5.38E-04,5.32E-04,5.27E-04,5.19E-04,5.14E-04,5.13E-04,5.18E-04,5.18E-04,5.30E-04,5.39E-04,5.36E-04,5.42E-04,5.46E-04,5.51E-04,5.54E-04,5.61E-04,5.64E-04,5.70E-04,5.80E-04,5.82E-04,5.89E-04,5.90E-04,5.91E-04,5.97E-04,6.01E-04,6.04E-04,6.03E-04,6.04E-04,6.10E-04,6.06E-04,6.05E-04,5.99E-04,5.94E-04,5.81E-04,5.76E-04,5.74E-04,5.70E-04,5.60E-04,5.52E-04,5.57E-04,5.48E-04,5.55E-04,5.47E-04,5.48E-04,5.43E-04,5.43E-04,5.44E-04,5.43E-04,5.37E-04,5.37E-04,5.33E-04,5.28E-04,5.34E-04,5.40E-04,5.46E-04,5.52E-04,5.60E-04,5.68E-04,5.75E-04,5.85E-04,5.99E-04,6.03E-04,6.07E-04,6.16E-04,6.25E-04,6.35E-04,6.44E-04,6.50E-04,6.57E-04,6.68E-04,6.82E-04,6.90E-04,7.00E-04,7.09E-04,7.20E-04,7.35E-04,7.49E-04,7.67E-04,7.89E-04,8.03E-04,8.13E-04,8.17E-04,8.16E-04,8.02E-04,8.02E-04,7.92E-04,7.93E-04,7.87E-04,7.73E-04,7.75E-04,7.71E-04,7.63E-04,7.68E-04,7.65E-04,7.74E-04,7.68E-04,7.70E-04,7.69E-04,7.68E-04,7.70E-04,7.64E-04,7.49E-04,7.42E-04,7.29E-04,7.20E-04,7.04E-04,6.98E-04,6.93E-04,6.80E-04,6.62E-04,6.43E-04,6.20E-04,5.94E-04,5.62E-04,5.20E-04,5.00E-04,4.78E-04,4.46E-04,4.29E-04,4.10E-04,3.90E-04,3.73E-04,3.63E-04,3.58E-04,3.61E-04,3.42E-04,3.43E-04,3.50E-04,3.43E-04,3.38E-04,3.36E-04,3.24E-04,3.16E-04,3.03E-04,3.02E-04,2.98E-04,2.93E-04,2.92E-04,2.94E-04,2.92E-04,2.88E-04,2.92E-04,2.90E-04,2.95E-04,3.00E-04,3.05E-04,3.10E-04,3.01E-04,3.02E-04,3.01E-04,2.95E-04,2.82E-04,2.84E-04,2.70E-04,2.54E-04,2.56E-04,2.49E-04,2.58E-04,2.83E-04,2.94E-04,2.94E-04,2.84E-04,2.70E-04,2.41E-04,2.09E-04,1.78E-04,1.57E-04,1.54E-04,1.47E-04,1.37E-04,1.26E-04,1.10E-04,1.10E-04,1.02E-04,9.11E-05,8.77E-05,7.55E-05,6.16E-05,4.44E-05
8,6.59E-02,7.91E-02,8.93E-02,9.48E-02,9.49E-02,8.91E-02,7.66E-02,6.06E-02,4.43E-02,2.97E-02,1.81E-02,1.03E-02,5.51E-03,3.11E-03,2.06E-03,1.61E-03,1.35E-03,1.21E-03,1.10E-03,1.04E-03,9.86E-04,9.36E-04,9.04E-04,8.64E-04,8.39E-04,8.16E-04,7.82E-04,7.68E-04,7.49E-04,7.23E-04,6.98E-04,6.79E-04,6.69E-04,6.50E-04,6.39E-04,6.35E-04,6.27E-04,6.22E-04,6.13E-04,6.01E-04,5.76E-04,5.63E-04,5.39E-04,5.18E-04,4.92E-04,4.78E-04,4.68E-04,4.51E-04,4.42E-04,4.36E-04,4.36E-04,4.33E-04,4.30E-04,4.24E-04,4.25E-04,4.21E-04,4.04E-04,3.95E-04,3.78E-04,3.63E-04,3.54E-04,3.46E-04,3.40E-04,3.45E-04,3.40E-04,3.43E-04,3.60E-04,3.71E-04,3.72E-04,3.79E-04,3.79E-04,3.79E-04,3.79E-04,3.85E-04,3.88E-04,3.97E-04,4.04E-04,4.15E-04,4.23E-04,4.35E-04,4.49E-04,4.52E-04,4.55E-04,4.67E-04,4.81E-04,5.07E-04,5.11E-04,5.13E-04,5.09E-04,5.03E-04,5.04E-04,4.82E-04,4.67E-04,4.60E-04,4.41E-04,4.30E-04,4.24E-04,4.26E-04,4.34E-04,4.39E-04,4.39E-04,4.35E-04,4.18E-04,4.06E-04,3.95E-04,3.79E-04,3.68E-04,3.61E-04,3.65E-04,3.64E-04,3.65E-04,3.60E-04,3.55E-04,3.53E-04,3.45E-04,3.43E-04,3.40E-04,3.40E-04,3.43E-04,3.48E-04,3.55E-04,3.61E-04,3.64E-04,3.64E-04,3.68E-04,3.70E-04,3.73E-04,3.78E-04,3.79E-04,3.88E-04,3.91E-04,3.95E-04,4.03E-04,4.14E-04,4.09E-04,4.18E-04,4.22E-04,4.29E-04,4.44E-04,4.46E-04,4.56E-04,4.66E-04,4.81E-04,4.95E-04,5.04E-04,5.15E-04,5.28E-04,5.37E-04,5.44E-04,5.51E-04,5.54E-04,5.58E-04,5.57E-04,5.58E-04,5.60E-04,5.63E-04,5.67E-04,5.71E-04,5.76E-04,5.78E-04,5.91E-04,5.93E-04,6.00E-04,6.09E-04,6.07E-04,6.09E-04,6.07E-04,6.09E-04,6.16E-04,6.19E-04,6.19E-04,6.21E-04,6.23E-04,6.24E-04,6.26E-04,6.10E-04,6.21E-04,6.20E-04,6.11E-04,6.06E-04,6.08E-04,6.01E-04,6.02E-04,5.94E-04,5.92E-04,5.93E-04,5.91E-04,5.90E-04,5.90E-04,5.88E-04,5.80E-04,5.71E-04,5.68E-04,5.64E-04,5.61E-04,5.46E-04,5.43E-04,5.48E-04,5.37E-04,5.45E-04,5.48E-04,5.48E-04,5.51E-04,5.60E-04,5.57E-04,5.59E-04,5.65E-04,5.68E-04,5.69E-04,5.69E-04,5.69E-04,5.65E-04,5.67E-04,5.73E-04,5.73E-04,5.65E-04,5.63E-04,5.69E-04,5.67E-04,5.60E-04,5.50E-04,5.40E-04,5.33E-04,5.28E-04,5.21E-04,5.17E-04,5.12E-04,5.09E-04,5.08E-04,5.14E-04,5.15E-04,5.29E-04,5.33E-04,5.33E-04,5.38E-04,5.44E-04,5.52E-04,5.57E-04,5.59E-04,5.68E-04,5.75E-04,5.80E-04,5.90E-04,5.81E-04,5.94E-04,5.98E-04,5.99E-04,6.00E-04,6.05E-04,6.08E-04,6.06E-04,6.00E-04,5.98E-04,5.97E-04,5.90E-04,5.80E-04,5.75E-04,5.70E-04,5.66E-04,5.58E-04,5.48E-04,5.46E-04,5.41E-04,5.53E-04,5.48E-04,5.46E-04,5.46E-04,5.45E-04,5.38E-04,5.33E-04,5.35E-04,5.35E-04,5.31E-04,5.31E-04,5.30E-04,5.34E-04,5.37E-04,5.42E-04,5.52E-04,5.68E-04,5.70E-04,5.85E-04,5.93E-04,6.00E-04,6.04E-04,6.13E-04,6.27E-04,6.22E-04,6.28E-04,6.41E-04,6.58E-04,6.68E-04,6.75E-04,6.94E-04,7.00E-04,7.01E-04,7.15E-04,7.31E-04,7.49E-04,7.63E-04,7.85E-04,8.00E-04,8.03E-04,8.07E-04,7.99E-04,8.02E-04,7.94E-04,7.91E-04,7.90E-04,7.88E-04,7.76E-04,7.72E-04,7.58E-04,7.46E-04,7.66E-04,7.67E-04,7.61E-04,7.63E-04,7.71E-04,7.65E-04,7.64E-04,7.63E-04,7.47E-04,7.46E-04,7.40E-04,7.18E-04,7.14E-04,7.00E-04,6.95E-04,6.88E-04,6.84E-04,6.75E-04,6.48E-04,6.16E-04,5.89E-04,5.62E-04,5.29E-04,4.95E-04,4.69E-04,4.50E-04,4.24E-04,4.10E-04,3.83E-04,3.73E-04,3.63E-04,3.57E-04,3.53E-04,3.44E-04,3.43E-04,3.43E-04,3.40E-04,3.42E-04,3.35E-04,3.21E-04,3.07E-04,2.98E-04,2.90E-04,2.92E-04,2.96E-04,2.99E-04,2.94E-04,2.92E-04,2.84E-04,2.87E-04,2.87E-04,2.91E-04,2.97E-04,3.07E-04,3.02E-04,3.06E-04,3.04E-04,2.98E-04,2.86E-04,2.80E-04,2.87E-04,2.74E-04,2.57E-04,2.58E-04,2.59E-04,2.63E-04,2.79E-04,2.96E-04,2.91E-04,2.87E-04,2.69E-04,2.36E-04,1.97E-04,1.84E-04,1.64E-04,1.55E-04,1.43E-04,1.36E-04,1.16E-04,1.16E-04,1.06E-04,9.66E-05,9.05E-05,8.69E-05,8.06E-05,5.45E-05,5.06E-05
9,6.13E-02,7.77E-02,9.24E-02,1.04E-01,1.11E-01,1.12E-01,1.04E-01,9.03E-02,7.29E-02,5.40E-02,3.65E-02,2.29E-02,1.31E-02,6.89E-03,3.76E-03,2.45E-03,1.83E-03,1.53E-03,1.35E-03,1.24E-03,1.17E-03,1.10E-03,1.04E-03,9.99E-04,9.65E-04,9.30E-04,9.12E-04,8.70E-04,8.48E-04,8.24E-04,7.96E-04,7.61E-04,7.51E-04,7.30E-04,7.17E-04,6.99E-04,6.94E-04,6.86E-04,6.78E-04,6.62E-04,6.40E-04,6.20E-04,6.00E-04,5.71E-04,5.47E-04,5.37E-04,5.15E-04,5.00E-04,4.92E-04,4.79E-04,4.80E-04,4.79E-04,4.75E-04,4.70E-04,4.68E-04,4.62E-04,4.49E-04,4.31E-04,4.13E-04,3.96E-04,3.90E-04,3.78E-04,3.70E-04,3.71E-04,3.66E-04,3.69E-04,3.81E-04,3.91E-04,3.93E-04,3.99E-04,4.01E-04,3.93E-04,3.92E-04,3.95E-04,4.05E-04,4.14E-04,4.17E-04,4.27E-04,4.35E-04,4.45E-04,4.50E-04,4.55E-04,4.62E-04,4.78E-04,4.97E-04,5.17E-04,5.29E-04,5.28E-04,5.20E-04,5.13E-04,5.12E-04,4.91E-04,4.80E-04,4.68E-04,4.59E-04,4.36E-04,4.33E-04,4.36E-04,4.40E-04,4.50E-04,4.46E-04,4.41E-04,4.28E-04,4.12E-04,4.03E-04,3.90E-04,3.75E-04,3.69E-04,3.75E-04,3.74E-04,3.69E-04,3.67E-04,3.61E-04,3.57E-04,3.49E-04,3.48E-04,3.43E-04,3.43E-04,3.53E-04,3.50E-04,3.56E-04,3.60E-04,3.64E-04,3.71E-04,3.72E-04,3.75E-04,3.77E-04,3.85E-04,3.83E-04,3.94E-04,3.94E-04,3.99E-04,4.01E-04,4.11E-04,4.10E-04,4.18E-04,4.28E-04,4.39E-04,4.43E-04,4.52E-04,4.65E-04,4.75E-04,4.85E-04,4.94E-04,5.04E-04,5.19E-04,5.33E-04,5.43E-04,5.53E-04,5.53E-04,5.60E-04,5.59E-04,5.62E-04,5.66E-04,5.69E-04,5.71E-04,5.74E-04,5.74E-04,5.80E-04,5.90E-04,5.94E-04,6.00E-04,6.04E-04,6.09E-04,6.11E-04,6.18E-04,6.17E-04,6.13E-04,6.13E-04,6.22E-04,6.22E-04,6.24E-04,6.28E-04,6.23E-04,6.30E-04,6.26E-04,6.33E-04,6.22E-04,6.20E-04,6.11E-04,6.09E-04,6.01E-04,6.05E-04,6.05E-04,6.01E-04,5.99E-04,5.94E-04,5.93E-04,5.91E-04,5.88E-04,5.81E-04,5.81E-04,5.75E-04,5.63E-04,5.61E-04,5.53E-04,5.52E-04,5.56E-04,5.53E-04,5.46E-04,5.49E-04,5.55E-04,5.51E-04,5.54E-04,5.62E-04,5.65E-04,5.62E-04,5.66E-04,5.66E-04,5.74E-04,5.71E-04,5.74E-04,5.78E-04,5.70E-04,5.75E-04,5.74E-04,5.73E-04,5.73E-04,5.68E-04,5.57E-04,5.46E-04,5.45E-04,5.37E-04,5.31E-04,5.27E-04,5.11E-04,5.12E-04,5.10E-04,5.12E-04,5.19E-04,5.25E-04,5.37E-04,5.34E-04,5.36E-04,5.34E-04,5.44E-04,5.52E-04,5.50E-04,5.62E-04,5.76E-04,5.80E-04,5.83E-04,5.81E-04,5.94E-04,5.87E-04,5.96E-04,5.99E-04,6.00E-04,6.07E-04,6.16E-04,6.08E-04,6.08E-04,5.96E-04,5.92E-04,5.95E-04,5.85E-04,5.73E-04,5.72E-04,5.63E-04,5.57E-04,5.52E-04,5.51E-04,5.48E-04,5.44E-04,5.39E-04,5.36E-04,5.37E-04,5.40E-04,5.36E-04,5.35E-04,5.32E-04,5.22E-04,5.30E-04,5.30E-04,5.38E-04,5.44E-04,5.54E-04,5.56E-04,5.60E-04,5.60E-04,5.74E-04,5.84E-04,5.96E-04,6.02E-04,6.11E-04,6.14E-04,6.17E-04,6.28E-04,6.40E-04,6.43E-04,6.58E-04,6.68E-04,6.85E-04,6.85E-04,6.95E-04,7.13E-04,7.24E-04,7.46E-04,7.53E-04,7.69E-04,8.01E-04,8.08E-04,8.08E-04,8.20E-04,8.17E-04,8.03E-04,7.96E-04,7.88E-04,7.87E-04,7.80E-04,7.73E-04,7.76E-04,7.78E-04,7.71E-04,7.65E-04,7.69E-04,7.58E-04,7.59E-04,7.63E-04,7.72E-04,7.80E-04,7.67E-04,7.55E-04,7.48E-04,7.44E-04,7.38E-04,7.22E-04,7.17E-04,7.09E-04,6.92E-04,6.85E-04,6.71E-04,6.53E-04,6.19E-04,5.97E-04,5.56E-04,5.38E-04,5.04E-04,4.73E-04,4.48E-04,4.23E-04,4.02E-04,3.89E-04,3.77E-04,3.67E-04,3.68E-04,3.52E-04,3.38E-04,3.55E-04,3.45E-04,3.43E-04,3.36E-04,3.31E-04,3.17E-04,3.12E-04,3.08E-04,3.00E-04,2.94E-04,2.96E-04,3.05E-04,3.03E-04,2.90E-04,2.96E-04,2.91E-04,2.88E-04,3.04E-04,2.97E-04,2.94E-04,3.01E-04,3.04E-04,3.07E-04,3.01E-04,2.96E-04,2.92E-04,2.85E-04,2.77E-04,2.58E-04,2.63E-04,2.46E-04,2.53E-04,2.83E-04,3.00E-04,3.00E-04,2.83E-04,2.69E-04,2.27E-04,2.03E-04,1.77E-04,1.59E-04,1.39E-04,1.44E-04,1.35E-04,1.22E-04,1.10E-04,1.06E-04,9.66E-05,9.24E-05,8.24E-05,7.36E-05,4.93E-05,3.91E-05
10,4.82E-02,6.65E-02,8.55E-02,1.03E-01,1.17E-01,1.27E-01,1.30E-01,1.25E-01,1.12E-01,9.46E-02,7.24E-02,5.11E-02,3.32E-02,1.96E-02,1.07E-02,5.68E-03,3.33E-03,2.31E-03,1.84E-03,1.59E-03,1.44E-03,1.35E-03,1.26E-03,1.20E-03,1.15E-03,1.11E-03,1.06E-03,1.03E-03,9.82E-04,9.56E-04,9.23E-04,8.92E-04,8.59E-04,8.31E-04,8.00E-04,8.05E-04,7.87E-04,7.81E-04,7.65E-04,7.44E-04,7.18E-04,7.07E-04,6.78E-04,6.52E-04,6.33E-04,6.01E-04,5.85E-04,5.70E-04,5.60E-04,5.47E-04,5.48E-04,5.47E-04,5.45E-04,5.37E-04,5.29E-04,5.23E-04,5.17E-04,4.92E-04,4.79E-04,4.54E-04,4.33E-04,4.17E-04,4.12E-04,4.04E-04,4.00E-04,3.94E-04,4.06E-04,4.24E-04,4.26E-04,4.29E-04,4.27E-04,4.20E-04,4.15E-04,4.20E-04,4.20E-04,4.29E-04,4.37E-04,4.38E-04,4.49E-04,4.53E-04,4.63E-04,4.74E-04,4.81E-04,4.98E-04,5.10E-04,5.25E-04,5.32E-04,5.39E-04,5.31E-04,5.30E-04,5.30E-04,5.17E-04,4.98E-04,4.84E-04,4.74E-04,4.45E-04,4.47E-04,4.49E-04,4.53E-04,4.50E-04,4.58E-04,4.53E-04,4.39E-04,4.20E-04,4.07E-04,4.05E-04,3.90E-04,3.82E-04,3.83E-04,3.84E-04,3.79E-04,3.74E-04,3.72E-04,3.68E-04,3.59E-04,3.62E-04,3.56E-04,3.54E-04,3.59E-04,3.60E-04,3.70E-04,3.69E-04,3.73E-04,3.74E-04,3.79E-04,3.78E-04,3.84E-04,3.86E-04,3.91E-04,3.93E-04,3.96E-04,3.99E-04,4.07E-04,4.16E-04,4.15E-04,4.23E-04,4.27E-04,4.33E-04,4.36E-04,4.49E-04,4.66E-04,4.74E-04,4.85E-04,4.97E-04,5.03E-04,5.19E-04,5.34E-04,5.43E-04,5.49E-04,5.59E-04,5.63E-04,5.62E-04,5.65E-04,5.57E-04,5.62E-04,5.72E-04,5.71E-04,5.78E-04,5.85E-04,5.92E-04,6.02E-04,6.03E-04,6.04E-04,6.11E-04,6.15E-04,6.17E-04,6.16E-04,6.19E-04,6.19E-04,6.15E-04,6.22E-04,6.18E-04,6.31E-04,6.36E-04,6.34E-04,6.22E-04,6.26E-04,6.20E-04,6.25E-04,6.16E-04,6.12E-04,6.14E-04,6.12E-04,6.02E-04,6.04E-04,6.08E-04,6.03E-04,5.99E-04,5.87E-04,5.85E-04,5.83E-04,5.81E-04,5.73E-04,5.65E-04,5.63E-04,5.55E-04,5.55E-04,5.52E-04,5.40E-04,5.45E-04,5.54E-04,5.55E-04,5.59E-04,5.51E-04,5.61E-04,5.66E-04,5.70E-04,5.72E-04,5.80E-04,5.75E-04,5.76E-04,5.71E-04,5.82E-04,5.74E-04,5.78E-04,5.73E-04,5.74E-04,5.66E-04,5.62E-04,5.73E-04,5.61E-04,5.49E-04,5.44E-04,5.34E-04,5.24E-04,5.17E-04,5.10E-04,5.11E-04,5.14E-04,5.29E-04,5.23E-04,5.34E-04,5.32E-04,5.38E-04,5.46E-04,5.47E-04,5.49E-04,5.62E-04,5.60E-04,5.70E-04,5.63E-04,5.80E-04,5.88E-04,5.85E-04,5.89E-04,5.98E-04,6.01E-04,6.04E-04,6.15E-04,6.04E-04,6.04E-04,6.08E-04,6.09E-04,5.93E-04,5.94E-04,5.91E-04,5.88E-04,5.77E-04,5.58E-04,5.56E-04,5.62E-04,5.55E-04,5.57E-04,5.54E-04,5.50E-04,5.53E-04,5.52E-04,5.53E-04,5.53E-04,5.38E-04,5.50E-04,5.43E-04,5.32E-04,5.22E-04,5.36E-04,5.44E-04,5.47E-04,5.49E-04,5.51E-04,5.68E-04,5.75E-04,5.91E-04,6.05E-04,6.07E-04,6.09E-04,6.14E-04,6.25E-04,6.22E-04,6.29E-04,6.40E-04,6.51E-04,6.61E-04,6.74E-04,6.85E-04,6.96E-04,7.14E-04,7.24E-04,7.28E-04,7.36E-04,7.70E-04,7.85E-04,8.00E-04,8.15E-04,8.20E-04,8.12E-04,8.00E-04,8.05E-04,8.00E-04,8.02E-04,7.85E-04,7.71E-04,7.68E-04,7.66E-04,7.68E-04,7.63E-04,7.66E-04,7.69E-04,7.66E-04,7.79E-04,7.77E-04,7.60E-04,7.65E-04,7.42E-04,7.59E-04,7.49E-04,7.29E-04,7.29E-04,7.14E-04,6.95E-04,6.90E-04,6.89E-04,6.76E-04,6.54E-04,6.32E-04,6.03E-04,5.65E-04,5.37E-04,5.15E-04,4.73E-04,4.53E-04,4.29E-04,4.03E-04,3.88E-04,3.68E-04,3.65E-04,3.59E-04,3.54E-04,3.40E-04,3.54E-04,3.53E-04,3.47E-04,3.45E-04,3.30E-04,3.24E-04,3.22E-04,3.10E-04,3.09E-04,3.05E-04,3.02E-04,2.90E-04,2.88E-04,2.90E-04,2.94E-04,3.04E-04,2.97E-04,3.13E-04,2.96E-04,2.95E-04,3.04E-04,3.12E-04,3.02E-04,3.02E-04,3.06E-04,2.87E-04,2.69E-04,2.81E-04,2.59E-04,2.65E-04,2.48E-04,2.62E-04,2.67E-04,2.94E-04,2.97E-04,2.82E-04,2.70E-04,2.51E-04,2.33E-04,1.90E-04,1.77E-04,1.68E-04,1.45E-04,1.33E-04,1.19E-04,1.26E-04,1.06E-04,9.56E-05,1.00E-04,8.18E-05,6.99E-05,6.57E-05,5.13E-05
11,4.09E-02,5.86E-02,7.87E-02,9.82E-02,1.17E-01,1.32E-01,1.40E-01,1.41E-01,1.33E-01,1.19E-01,9.70E-02,7.35E-02,5.08E-02,3.23E-02,1.87E-02,1.01E-02,5.40E-03,3.23E-03,2.31E-03,1.87E-03,1.65E-03,1.52E-03,1.42E-03,1.33E-03,1.27E-03,1.22E-03,1.16E-03,1.13E-03,1.08E-03,1.05E-03,1.01E-03,9.78E-04,9.44E-04,9.15E-04,8.94E-04,8.71E-04,8.49E-04,8.47E-04,8.23E-04,7.99E-04,7.86E-04,7.64E-04,7.31E-04,7.08E-04,6.93E-04,6.60E-04,6.37E-04,6.22E-04,6.08E-04,5.97E-04,5.92E-04,5.90E-04,5.92E-04,5.75E-04,5.89E-04,5.74E-04,5.59E-04,5.47E-04,5.17E-04,4.93E-04,4.72E-04,4.58E-04,4.47E-04,4.37E-04,4.21E-04,4.18E-04,4.23E-04,4.37E-04,4.47E-04,4.46E-04,4.51E-04,4.42E-04,4.36E-04,4.30E-04,4.33E-04,4.51E-04,4.53E-04,4.54E-04,4.56E-04,4.72E-04,4.85E-04,4.83E-04,4.93E-04,5.08E-04,5.21E-04,5.41E-04,5.51E-04,5.53E-04,5.42E-04,5.40E-04,5.29E-04,5.20E-04,5.11E-04,5.03E-04,4.87E-04,4.69E-04,4.54E-04,4.57E-04,4.60E-04,4.73E-04,4.62E-04,4.60E-04,4.50E-04,4.33E-04,4.21E-04,4.04E-04,3.97E-04,3.89E-04,3.87E-04,3.92E-04,3.89E-04,3.82E-04,3.77E-04,3.72E-04,3.63E-04,3.55E-04,3.61E-04,3.62E-04,3.55E-04,3.72E-04,3.71E-04,3.73E-04,3.77E-04,3.77E-04,3.83E-04,3.86E-04,3.88E-04,3.85E-04,3.96E-04,3.97E-04,4.07E-04,4.09E-04,4.10E-04,4.17E-04,4.20E-04,4.25E-04,4.31E-04,4.40E-04,4.43E-04,4.53E-04,4.67E-04,4.77E-04,4.84E-04,4.98E-04,5.10E-04,5.22E-04,5.37E-04,5.46E-04,5.48E-04,5.61E-04,5.67E-04,5.76E-04,5.73E-04,5.70E-04,5.70E-04,5.71E-04,5.79E-04,5.78E-04,5.92E-04,5.96E-04,6.02E-04,6.11E-04,6.20E-04,6.19E-04,6.17E-04,6.16E-04,6.18E-04,6.15E-04,6.21E-04,6.24E-04,6.28E-04,6.25E-04,6.28E-04,6.33E-04,6.36E-04,6.35E-04,6.32E-04,6.35E-04,6.22E-04,6.22E-04,6.19E-04,6.15E-04,6.08E-04,5.99E-04,6.00E-04,5.95E-04,6.00E-04,6.02E-04,5.98E-04,5.97E-04,5.89E-04,5.91E-04,5.75E-04,5.73E-04,5.63E-04,5.63E-04,5.64E-04,5.53E-04,5.51E-04,5.57E-04,5.48E-04,5.56E-04,5.49E-04,5.69E-04,5.70E-04,5.64E-04,5.66E-04,5.75E-04,5.76E-04,5.73E-04,5.79E-04,5.71E-04,5.70E-04,5.77E-04,5.81E-04,5.70E-04,5.72E-04,5.80E-04,5.76E-04,5.64E-04,5.57E-04,5.54E-04,5.45E-04,5.54E-04,5.37E-04,5.26E-04,5.20E-04,5.12E-04,5.16E-04,5.26E-04,5.29E-04,5.37E-04,5.49E-04,5.40E-04,5.42E-04,5.42E-04,5.60E-04,5.63E-04,5.70E-04,5.77E-04,5.85E-04,5.94E-04,5.93E-04,5.89E-04,5.99E-04,5.99E-04,5.98E-04,6.02E-04,6.10E-04,6.16E-04,6.13E-04,6.09E-04,6.13E-04,6.08E-04,6.08E-04,5.85E-04,5.93E-04,5.82E-04,5.78E-04,5.68E-04,5.56E-04,5.56E-04,5.41E-04,5.35E-04,5.49E-04,5.49E-04,5.47E-04,5.46E-04,5.42E-04,5.47E-04,5.40E-04,5.42E-04,5.35E-04,5.35E-04,5.27E-04,5.32E-04,5.40E-04,5.52E-04,5.61E-04,5.75E-04,5.85E-04,5.83E-04,5.91E-04,5.91E-04,6.04E-04,6.07E-04,6.18E-04,6.34E-04,6.41E-04,6.49E-04,6.50E-04,6.65E-04,6.90E-04,6.94E-04,6.89E-04,7.22E-04,7.23E-04,7.47E-04,7.48E-04,7.67E-04,7.81E-04,8.07E-04,8.15E-04,8.18E-04,8.12E-04,8.15E-04,8.04E-04,8.12E-04,8.01E-04,7.84E-04,7.89E-04,7.81E-04,7.73E-04,7.68E-04,7.61E-04,7.53E-04,7.73E-04,7.70E-04,7.72E-04,7.75E-04,7.67E-04,7.79E-04,7.58E-04,7.36E-04,7.47E-04,7.34E-04,7.39E-04,7.19E-04,6.91E-04,6.90E-04,6.84E-04,6.68E-04,6.61E-04,6.42E-04,6.10E-04,5.71E-04,5.42E-04,5.05E-04,4.85E-04,4.49E-04,4.35E-04,4.12E-04,3.88E-04,3.84E-04,3.75E-04,3.60E-04,3.63E-04,3.57E-04,3.57E-04,3.47E-04,3.50E-04,3.49E-04,3.28E-04,3.20E-04,3.18E-04,3.17E-04,3.09E-04,2.94E-04,2.99E-04,2.98E-04,3.03E-04,3.00E-04,3.02E-04,3.13E-04,2.93E-04,3.07E-04,3.07E-04,3.02E-04,3.03E-04,3.13E-04,3.02E-04,3.03E-04,2.91E-04,2.76E-04,2.76E-04,2.74E-04,2.65E-04,2.56E-04,2.64E-04,2.64E-04,2.75E-04,2.86E-04,2.88E-04,2.81E-04,2.59E-04,2.48E-04,2.18E-04,2.01E-04,1.61E-04,1.50E-04,1.35E-04,1.34E-04,1.20E-04,1.30E-04,1.10E-04,1.08E-04,9.86E-05,7.59E-05,6.31E-05,6.04E-05,6.49E-05
